Unnamed: 0,Unnamed: 1,Estimate of current tobacco use prevalence (%) (age-standardized rate),Estimate of current tobacco use prevalence (%) (age-standardized rate).1,Estimate of current tobacco use prevalence (%) (age-standardized rate).2
Country,Year,Both sexes,Male,Female
Afghanistan,2020,23.3,39.4,7.2
Afghanistan,2019,23.8,40.1,7.5
Afghanistan,2018,23.8,40.8,7.9
Afghanistan,2015,26,42.9,9.1
Afghanistan,2010,29.1,46.8,11.4
Afghanistan,2005,32.7,50.8,14.5
Afghanistan,2000,36.9,55.3,18.4
Albania,2020,22.4,38.8,6
Albania,2019,23,39.8,6.2
Albania,2018,23,40.7,6.4
Albania,2015,25.1,43.2,6.9
Albania,2010,28,47.9,8.1
Albania,2005,31.3,53.2,9.4
Albania,2000,35,59,10.9
Algeria,2020,21,41.3,0.7
Algeria,2019,21,41.3,0.7
Algeria,2018,21,41.2,0.8
Algeria,2015,21.1,41.2,0.9
Algeria,2010,21.5,41.7,1.2
Algeria,2005,21.8,42.1,1.5
Algeria,2000,22.2,42.5,1.9
Andorra,2020,31.8,35.3,28.3
Andorra,2019,32,35.6,28.3
Andorra,2018,32,36.2,28.5
Andorra,2015,33,37.3,28.6
Andorra,2010,34,39,28.9
Andorra,2005,34.8,40.5,29.1
Andorra,2000,35.9,42.5,29.3
Argentina,2020,24.5,29.4,19.6
Argentina,2019,24.9,29.8,19.9
Argentina,2018,24.9,30.3,20.3
Argentina,2015,26.6,31.7,21.5
Argentina,2010,28.9,34.2,23.6
Argentina,2005,31.5,36.9,26
Argentina,2000,34,39.6,28.4
Armenia,2020,25.5,49.4,1.5
Armenia,2019,25.8,50,1.5
Armenia,2018,25.8,50.5,1.6
Armenia,2015,26.9,52,1.7
Armenia,2010,28.6,55.4,1.8
Armenia,2005,30.3,58.5,2
Armenia,2000,32,61.7,2.2
Australia,2020,13.6,15.6,11.5
Australia,2019,14,16,11.9
Australia,2018,14,16.5,12.2
Australia,2015,15.7,17.8,13.5
Australia,2010,18.2,20.3,16
Australia,2005,21.1,23.2,18.9
Australia,2000,24.4,26.5,22.2
Austria,2020,26.4,27.7,25
Austria,2019,27.1,28.6,25.6
Austria,2018,27.1,29.8,26.6
Austria,2015,31.2,33.1,29.3
Austria,2010,37.1,39.7,34.5
Austria,2005,43.8,47.2,40.4
Austria,2000,52.3,56.8,47.8
Azerbaijan,2020,24,47.9,0.1
Azerbaijan,2019,24.2,48.2,0.1
Azerbaijan,2018,24.2,48.4,0.1
Azerbaijan,2015,25.2,50.1,0.2
Azerbaijan,2010,26.2,52.2,0.2
Azerbaijan,2005,27.6,54.8,0.3
Azerbaijan,2000,28.7,57.1,0.3
Bahamas,2020,10.6,18.8,2.4
Bahamas,2019,10.7,18.8,2.5
Bahamas,2018,10.7,18.7,2.6
Bahamas,2015,10.6,18.4,2.8
Bahamas,2010,10.7,18.1,3.2
Bahamas,2005,10.7,17.6,3.7
Bahamas,2000,10.7,17.2,4.2
Bahrain,2020,14.9,25.3,4.5
Bahrain,2019,15.2,25.7,4.6
Bahrain,2018,15.2,26.1,4.8
Bahrain,2015,16.4,27.6,5.2
Bahrain,2010,18.1,30.2,6
Bahrain,2005,20,33,7
Bahrain,2000,22.2,36.2,8.1
Bangladesh,2020,34.7,52.2,17.1
Bangladesh,2019,35.2,52.5,17.9
Bangladesh,2018,35.2,53.3,18.8
Bangladesh,2015,38.9,55.5,22.2
Bangladesh,2010,44,59,28.9
Bangladesh,2005,50.3,62.9,37.7
Bangladesh,2000,57.6,66.7,48.5
Barbados,2020,8.5,15,1.9
Barbados,2019,8.5,15,1.9
Barbados,2018,8.5,15.1,2
Barbados,2015,8.8,15.5,2.1
Barbados,2010,9.2,16,2.4
Barbados,2005,9.7,16.6,2.8
Barbados,2000,10.2,17.1,3.2
Belarus,2020,30.5,47.4,13.5
Belarus,2019,30.9,48.2,13.6
Belarus,2018,30.9,49.3,13.7
Belarus,2015,33,51.9,14
Belarus,2010,35.8,57,14.6
Belarus,2005,38.8,62.5,15.1
Belarus,2000,41.8,68,15.6
Belgium,2020,23.4,25.8,21
Belgium,2019,23.9,26.3,21.4
Belgium,2018,23.9,27.1,21.6
Belgium,2015,25.7,28.8,22.5
Belgium,2010,28,31.8,24.1
Belgium,2005,30.5,35.1,25.9
Belgium,2000,33.4,39,27.7
Belize,2020,8.5,15.1,1.8
Belize,2019,8.8,15.6,1.9
Belize,2018,8.8,16,1.9
Belize,2015,9.7,17.3,2.1
Belize,2010,11.3,20,2.5
Belize,2005,13,23,2.9
Belize,2000,15,26.4,3.5
Benin,2020,6.9,11.8,1.9
Benin,2019,7.2,12.3,2
Benin,2018,7.2,12.9,2.1
Benin,2015,8.6,14.7,2.4
Benin,2010,10.7,18.3,3.1
Benin,2005,13.4,22.7,4
Benin,2000,16.7,28.3,5.1
Bolivia (Plurinational State of),2020,12.7,20.5,4.8
Bolivia (Plurinational State of),2019,13.2,21.1,5.3
Bolivia (Plurinational State of),2018,13.2,21.7,5.8
Bolivia (Plurinational State of),2015,15.6,23.6,7.5
Bolivia (Plurinational State of),2010,19.5,27.3,11.6
Bolivia (Plurinational State of),2005,24.9,31.8,17.9
Bolivia (Plurinational State of),2000,32.1,36.6,27.6
Bosnia and Herzegovina,2020,35,42,28
Bosnia and Herzegovina,2019,35.5,42.6,28.3
Bosnia and Herzegovina,2018,35.5,43.2,28.8
Bosnia and Herzegovina,2015,37.7,45.6,29.8
Bosnia and Herzegovina,2010,40.3,49.3,31.2
Bosnia and Herzegovina,2005,43.4,53.5,33.2
Bosnia and Herzegovina,2000,46.6,58.2,35
Botswana,2020,19.4,30.4,8.3
Botswana,2019,19.8,30.7,8.9
Botswana,2018,19.8,30.9,9.3
Botswana,2015,21.7,32.1,11.2
Botswana,2010,24.8,34.3,15.2
Botswana,2005,28.5,36.5,20.4
Botswana,2000,33.2,38.7,27.6
Brazil,2020,12.8,16.2,9.4
Brazil,2019,13.2,16.7,9.7
Brazil,2018,13.2,17.2,10.1
Brazil,2015,14.9,18.8,11
Brazil,2010,17.4,21.8,13
Brazil,2005,20.4,25.5,15.2
Brazil,2000,23.8,29.6,17.9
Brunei Darussalam,2020,16.2,30,2.3
Brunei Darussalam,2019,16.2,30,2.4
Brunei Darussalam,2018,16.2,29.9,2.5
Brunei Darussalam,2015,16.3,29.7,2.8
Brunei Darussalam,2010,16.4,29.4,3.3
Brunei Darussalam,2005,16.5,29,4
Brunei Darussalam,2000,16.7,28.6,4.7
Bulgaria,2020,39,40.9,37.1
Bulgaria,2019,39.4,41.7,37.1
Bulgaria,2018,39.4,42.4,37
Bulgaria,2015,40.7,44.7,36.7
Bulgaria,2010,42.9,49.2,36.5
Bulgaria,2005,45,53.9,36.1
Bulgaria,2000,47.5,59.2,35.8
Burkina Faso,2020,14.3,22.1,6.4
Burkina Faso,2019,14.9,22.8,6.9
Burkina Faso,2018,14.9,23.3,7.3
Burkina Faso,2015,17,25.2,8.8
Burkina Faso,2010,20.5,28.7,12.2
Burkina Faso,2005,24.7,32.8,16.6
Burkina Faso,2000,29.8,36.9,22.7
Burundi,2020,11.8,17.4,6.1
Burundi,2019,12.2,18,6.4
Burundi,2018,12.2,18.4,6.7
Burundi,2015,13.9,20,7.8
Burundi,2010,16.6,23.3,9.9
Burundi,2005,19.8,26.9,12.7
Burundi,2000,24,31.5,16.4
Cabo Verde,2020,11.4,17.3,5.4
Cabo Verde,2019,11.7,17.7,5.6
Cabo Verde,2018,11.7,18.2,5.9
Cabo Verde,2015,13.1,19.5,6.7
Cabo Verde,2010,15.2,21.9,8.4
Cabo Verde,2005,17.8,24.9,10.6
Cabo Verde,2000,20.6,27.9,13.3
Cambodia,2020,21.1,36.1,6
Cambodia,2019,21.9,37.4,6.3
Cambodia,2018,21.9,38.7,6.7
Cambodia,2015,25.2,42.4,8
Cambodia,2010,30.1,49.4,10.7
Cambodia,2005,36,57.5,14.4
Cambodia,2000,42.3,65.2,19.3
Cameroon,2020,7.3,13.2,1.4
Cameroon,2019,7.5,13.5,1.5
Cameroon,2018,7.5,13.9,1.6
Cameroon,2015,8.4,14.9,1.9
Cameroon,2010,9.7,16.9,2.4
Cameroon,2005,11.2,19.1,3.2
Cameroon,2000,12.8,21.4,4.2
Canada,2020,13,15.3,10.7
Canada,2019,13.6,15.8,11.3
Canada,2018,13.6,16.3,11.8
Canada,2015,15.8,18.1,13.5
Canada,2010,19.3,21.6,17
Canada,2005,23.3,25.5,21.1
Canada,2000,28.4,30.3,26.4
Chad,2020,8.3,13.8,2.7
Chad,2019,8.5,14.2,2.8
Chad,2018,8.5,14.5,2.9
Chad,2015,9.4,15.4,3.3
Chad,2010,10.7,17.2,4.1
Chad,2005,12.2,19.3,5.1
Chad,2000,13.9,21.4,6.3
Chile,2020,29.2,31.6,26.8
Chile,2019,29.9,32.3,27.5
Chile,2018,29.9,33.1,28.1
Chile,2015,32.9,35.5,30.2
Chile,2010,37.1,40.2,33.9
Chile,2005,41.7,45.4,37.9
Chile,2000,46.9,51.3,42.4
China,2020,25.6,49.4,1.7
China,2019,25.7,49.7,1.7
China,2018,25.7,49.4,1.8
China,2015,25.9,49.8,2
China,2010,26.2,50,2.3
China,2005,26.6,50.4,2.7
China,2000,26.7,50.2,3.2
Colombia,2020,8.5,12.4,4.6
Colombia,2019,8.8,12.8,4.7
Colombia,2018,8.8,13.2,4.8
Colombia,2015,9.9,14.4,5.3
Colombia,2010,11.4,16.6,6.1
Colombia,2005,13.2,19.4,7
Colombia,2000,15.1,22.1,8.1
Comoros,2020,20.3,29.5,11.1
Comoros,2019,20.8,29.9,11.7
Comoros,2018,20.8,30.5,12.5
Comoros,2015,23.5,32,15
Comoros,2010,27.7,34.8,20.5
Comoros,2005,32.8,37.8,27.8
Comoros,2000,39.5,41.1,37.9
Congo,2020,14.5,26.8,2.1
Congo,2019,14.3,26.4,2.2
Congo,2018,14.3,25.8,2.3
Congo,2015,13.5,24.3,2.7
Congo,2010,12.8,22.2,3.4
Congo,2005,12.2,19.9,4.4
Congo,2000,11.9,18.2,5.6
Cook Islands,2020,24,27.7,20.3
Cook Islands,2019,24.6,28.3,20.8
Cook Islands,2018,24.6,29.2,21.7
Cook Islands,2015,27.9,31.9,23.8
Cook Islands,2010,32.5,37.2,27.7
Cook Islands,2005,38,43.4,32.6
Cook Islands,2000,44.3,50.3,38.3
Costa Rica,2020,8.8,12.9,4.6
Costa Rica,2019,9.1,13.4,4.8
Costa Rica,2018,9.1,13.8,4.9
Costa Rica,2015,10.5,15.4,5.5
Costa Rica,2010,12.6,18.4,6.7
Costa Rica,2005,15,21.8,8.1
Costa Rica,2000,18,26.1,9.8
Côte d'Ivoire,2020,9.4,17.9,0.9
Côte d'Ivoire,2019,9.7,18.5,0.9
Côte d'Ivoire,2018,9.7,19,1
Côte d'Ivoire,2015,11.1,21.1,1.1
Côte d'Ivoire,2010,13.2,24.9,1.5
Côte d'Ivoire,2005,15.8,29.4,2.1
Côte d'Ivoire,2000,18.7,34.5,2.8
Croatia,2020,36.9,37.6,36.1
Croatia,2019,36.7,37.8,35.6
Croatia,2018,36.7,38,34.9
Croatia,2015,36.1,38.5,33.7
Croatia,2010,35.4,39.5,31.3
Croatia,2005,34.9,40.5,29.2
Croatia,2000,34.4,41.7,27.1
Cuba,2020,17.9,25.5,10.3
Cuba,2019,18.7,26.4,10.9
Cuba,2018,18.7,27.4,11.5
Cuba,2015,22,30.5,13.4
Cuba,2010,27,36.3,17.7
Cuba,2005,33.2,43.2,23.2
Cuba,2000,40.8,51.3,30.3
Cyprus,2020,35.1,47,23.2
Cyprus,2019,35.5,47.7,23.2
Cyprus,2018,35.5,48.3,22.9
Cyprus,2015,36.4,50.1,22.7
Cyprus,2010,37.7,53.2,22.2
Cyprus,2005,39.2,56.7,21.6
Cyprus,2000,40.9,60.6,21.1
Czechia,2020,30.7,35,26.4
Czechia,2019,30.9,35.2,26.5
Czechia,2018,30.9,35.4,26.7
Czechia,2015,31.4,35.8,26.9
Czechia,2010,32.3,37.3,27.3
Czechia,2005,33.4,38.8,28
Czechia,2000,34.2,40.1,28.2
Democratic People's Republic of Korea,2020,17.4,34.8,0
Democratic People's Republic of Korea,2019,17.8,35.5,0
Democratic People's Republic of Korea,2018,17.8,36.5,0
Democratic People's Republic of Korea,2015,19.6,39.2,0
Democratic People's Republic of Korea,2010,22.3,44.5,0
Democratic People's Republic of Korea,2005,25.2,50.4,0
Democratic People's Republic of Korea,2000,28.5,56.9,0
Democratic Republic of the Congo,2020,12.8,22.7,2.9
Democratic Republic of the Congo,2019,13,22.9,3.1
Democratic Republic of the Congo,2018,13,23.2,3.2
Democratic Republic of the Congo,2015,14,24.2,3.8
Democratic Republic of the Congo,2010,15.4,26,4.8
Democratic Republic of the Congo,2005,16.9,27.5,6.2
Democratic Republic of the Congo,2000,18.8,29.6,8
Denmark,2020,17.5,17.8,17.1
Denmark,2019,18.1,18.4,17.8
Denmark,2018,18.1,19.4,18.4
Denmark,2015,21.1,21.9,20.3
Denmark,2010,25.5,26.8,24.2
Denmark,2005,30.8,32.9,28.6
Denmark,2000,37.3,40.4,34.1
Dominican Republic,2020,10.6,14.6,6.5
Dominican Republic,2019,10.9,15,6.8
Dominican Republic,2018,10.9,15.3,7.1
Dominican Republic,2015,12.2,16.1,8.2
Dominican Republic,2010,13.9,17.6,10.2
Dominican Republic,2005,16.1,19.2,13
Dominican Republic,2000,18.7,21.1,16.2
Ecuador,2020,11.3,18.4,4.2
Ecuador,2019,11.6,18.9,4.3
Ecuador,2018,11.6,19.3,4.4
Ecuador,2015,12.8,20.7,4.8
Ecuador,2010,14.5,23.3,5.6
Ecuador,2005,16.2,25.9,6.5
Ecuador,2000,18.4,29.1,7.6
Egypt,2020,24.3,48.1,0.4
Egypt,2019,24.4,48.3,0.4
Egypt,2018,24.4,48.2,0.5
Egypt,2015,24.3,48.1,0.5
Egypt,2010,24.3,47.9,0.7
Egypt,2005,24.1,47.4,0.8
Egypt,2000,24.3,47.5,1
El Salvador,2020,7.9,14.1,1.7
El Salvador,2019,8.3,14.7,1.8
El Salvador,2018,8.3,15.2,1.9
El Salvador,2015,9.5,16.9,2.1
El Salvador,2010,11.3,19.9,2.6
El Salvador,2005,13.4,23.5,3.2
El Salvador,2000,15.9,27.9,3.9
Eritrea,2020,7.5,14.7,0.2
Eritrea,2019,7.7,15.1,0.2
Eritrea,2018,7.7,15.5,0.2
Eritrea,2015,8.7,17,0.3
Eritrea,2010,10,19.6,0.3
Eritrea,2005,11.5,22.6,0.4
Eritrea,2000,13.3,26,0.5
Estonia,2020,29.7,36.3,23
Estonia,2019,30.5,37.4,23.5
Estonia,2018,30.5,38.5,23.7
Estonia,2015,33.3,41.8,24.7
Estonia,2010,37.2,47.9,26.4
Estonia,2005,41.6,54.9,28.2
Estonia,2000,46,61.9,30.1
Eswatini,2020,9.2,16.5,1.8
Eswatini,2019,9.3,16.7,1.9
Eswatini,2018,9.3,16.8,2
Eswatini,2015,9.8,17.3,2.3
Eswatini,2010,10.5,18,3
Eswatini,2005,11.4,18.8,3.9
Eswatini,2000,12.3,19.5,5.1
Ethiopia,2020,5.1,8.8,1.3
Ethiopia,2019,5.2,9,1.4
Ethiopia,2018,5.2,9,1.4
Ethiopia,2015,5.5,9.4,1.5
Ethiopia,2010,5.9,10.1,1.6
Ethiopia,2005,6.3,10.8,1.8
Ethiopia,2000,6.8,11.6,2
Fiji,2020,23.1,35.6,10.5
Fiji,2019,23.4,36.2,10.6
Fiji,2018,23.4,36.8,10.9
Fiji,2015,25.1,38.7,11.5
Fiji,2010,27.4,42.2,12.6
Fiji,2005,29.7,45.5,13.8
Fiji,2000,32.3,49.4,15.2
Finland,2020,21.6,26.9,16.3
Finland,2019,22.2,27.7,16.6
Finland,2018,22.2,28.3,17
Finland,2015,24.5,30.9,18
Finland,2010,27.8,35.5,20.1
Finland,2005,31.4,40.5,22.2
Finland,2000,35.7,46.7,24.7
France,2020,33.4,34.9,31.9
France,2019,33.6,35.2,31.9
France,2018,33.6,35.3,31.7
France,2015,33.7,35.9,31.4
France,2010,33.8,36.7,30.9
France,2005,34.1,37.7,30.5
France,2000,34.2,38.5,29.8
Gambia,2020,11.1,21.4,0.8
Gambia,2019,11.6,22.2,0.9
Gambia,2018,11.6,22.9,1
Gambia,2015,13.3,25.4,1.2
Gambia,2010,15.8,29.8,1.7
Gambia,2005,18.8,35.1,2.5
Gambia,2000,22.5,41.4,3.6
Georgia,2020,31.7,56.3,7.1
Georgia,2019,31.7,56.3,7
Georgia,2018,31.7,56.7,6.9
Georgia,2015,32,57.3,6.6
Georgia,2010,32.2,58.1,6.2
Georgia,2005,32.6,59.3,5.8
Georgia,2000,32.8,60.2,5.4
Germany,2020,22,24.1,19.9
Germany,2019,22.5,24.6,20.4
Germany,2018,22.5,25.5,20.9
Germany,2015,24.9,27.5,22.3
Germany,2010,28.3,31.4,25.1
Germany,2005,32.1,35.9,28.3
Germany,2000,36.4,41.1,31.6
Ghana,2020,3.5,6.6,0.3
Ghana,2019,3.6,6.8,0.4
Ghana,2018,3.6,7.1,0.4
Ghana,2015,4.2,7.8,0.5
Ghana,2010,4.9,9.2,0.6
Ghana,2005,5.9,10.9,0.8
Ghana,2000,7,12.8,1.1
Greece,2020,33.5,36.5,30.5
Greece,2019,34.5,37.7,31.2
Greece,2018,34.5,38.8,31.9
Greece,2015,37.9,42.3,33.5
Greece,2010,42.9,49.1,36.7
Greece,2005,48.5,57,40
Greece,2000,54.9,65.9,43.8
Guatemala,2020,10.9,20.1,1.6
Guatemala,2019,11,20.4,1.6
Guatemala,2018,11,20.5,1.7
Guatemala,2015,11.6,21.2,1.9
Guatemala,2010,12.5,22.6,2.3
Guatemala,2005,13.4,23.9,2.8
Guatemala,2000,14.3,25.2,3.3
Guinea-Bissau,2020,9,17,0.9
Guinea-Bissau,2019,9.3,17.6,0.9
Guinea-Bissau,2018,9.3,18.2,1
Guinea-Bissau,2015,10.7,20.2,1.1
Guinea-Bissau,2010,12.7,23.9,1.4
Guinea-Bissau,2005,15,28.4,1.6
Guinea-Bissau,2000,18,34,2
Guyana,2020,12.1,21.7,2.4
Guyana,2019,12.6,22.7,2.5
Guyana,2018,12.6,23.8,2.6
Guyana,2015,15.1,27.3,2.9
Guyana,2010,19.1,34.6,3.6
Guyana,2005,24.1,43.6,4.5
Guyana,2000,30.2,54.9,5.5
Haiti,2020,7.7,12.2,3.1
Haiti,2019,7.9,12.5,3.2
Haiti,2018,7.9,12.7,3.4
Haiti,2015,8.6,13.5,3.7
Haiti,2010,9.7,15,4.4
Haiti,2005,10.9,16.5,5.3
Haiti,2000,12.3,18.3,6.3
Hungary,2020,31.8,35.8,27.8
Hungary,2019,32.2,36.4,28
Hungary,2018,32.2,36.5,28
Hungary,2015,33.2,37.6,28.7
Hungary,2010,34.6,39.4,29.7
Hungary,2005,35.9,41.3,30.5
Hungary,2000,37.4,43.1,31.6
Iceland,2020,12,11.9,12
Iceland,2019,12.6,12.6,12.5
Iceland,2018,12.6,13.3,13.1
Iceland,2015,15.2,15.4,14.9
Iceland,2010,19.1,19.9,18.2
Iceland,2005,24,25.5,22.4
Iceland,2000,30.2,32.8,27.6
India,2020,27.2,41.3,13
India,2019,28.1,42.4,13.7
India,2018,28.1,43.6,14.5
India,2015,32.2,47.2,17.2
India,2010,38.1,53.5,22.7
India,2005,45.5,61,29.9
India,2000,54.5,69.9,39
Indonesia,2020,37.6,71.4,3.7
Indonesia,2019,37.2,70.6,3.8
Indonesia,2018,37.2,70.3,3.9
Indonesia,2015,36.7,69.1,4.3
Indonesia,2010,36.3,67.4,5.1
Indonesia,2005,35.8,65.6,5.9
Indonesia,2000,35.4,63.8,6.9
Iran (Islamic Republic of),2020,13.6,24.1,3.1
Iran (Islamic Republic of),2019,14,24.7,3.3
Iran (Islamic Republic of),2018,14,25.2,3.4
Iran (Islamic Republic of),2015,15.3,26.5,4
Iran (Islamic Republic of),2010,17,29,5
Iran (Islamic Republic of),2005,19,31.6,6.4
Iran (Islamic Republic of),2000,21.5,34.8,8.1
Iraq,2020,18.5,35.1,1.8
Iraq,2019,18.8,35.5,2
Iraq,2018,18.8,35.5,2.1
Iraq,2015,19.1,35.5,2.6
Iraq,2010,19.9,36.1,3.6
Iraq,2005,20.6,36.1,5.1
Iraq,2000,22,36.9,7.1
Ireland,2020,20.8,22.5,19
Ireland,2019,21.4,23.1,19.7
Ireland,2018,21.4,23.7,20.3
Ireland,2015,23.8,25.2,22.3
Ireland,2010,27.1,28.1,26.1
Ireland,2005,31.2,31.5,30.9
Ireland,2000,35.6,35.2,35.9
Italy,2020,23.1,26.6,19.5
Italy,2019,23.3,26.9,19.6
Italy,2018,23.3,27.1,19.6
Italy,2015,23.8,27.9,19.6
Italy,2010,24.5,29.4,19.6
Italy,2005,25.3,30.9,19.6
Italy,2000,26.2,32.6,19.7
Jamaica,2020,9.4,15,3.8
Jamaica,2019,9.7,15.5,3.9
Jamaica,2018,9.7,15.9,4.1
Jamaica,2015,11,17.4,4.6
Jamaica,2010,12.8,20.1,5.5
Jamaica,2005,14.9,23.1,6.7
Jamaica,2000,17.4,26.7,8.1
Japan,2020,20.1,30.1,10
Japan,2019,20.5,30.8,10.2
Japan,2018,20.5,31.8,10.3
Japan,2015,22.7,34.5,10.9
Japan,2010,25.8,39.5,12
Japan,2005,29.4,45.5,13.2
Japan,2000,33.3,52,14.5
Jordan,2020,34.8,56.8,12.8
Jordan,2019,34.6,56.5,12.7
Jordan,2018,34.6,55.6,12.6
Jordan,2015,33.7,55.2,12.1
Jordan,2010,32.6,53.7,11.4
Jordan,2005,31.7,52.5,10.8
Jordan,2000,30.7,51.2,10.1
Kazakhstan,2020,23.2,39.6,6.7
Kazakhstan,2019,23.5,40.1,6.9
Kazakhstan,2018,23.5,41,7.1
Kazakhstan,2015,25.4,43.2,7.6
Kazakhstan,2010,28.1,47.5,8.6
Kazakhstan,2005,30.9,52,9.8
Kazakhstan,2000,34.2,57.1,11.2
Kenya,2020,11.1,19.5,2.7
Kenya,2019,11.5,20.1,2.9
Kenya,2018,11.5,20.6,3
Kenya,2015,12.8,22.2,3.3
Kenya,2010,14.7,25.2,4.1
Kenya,2005,16.8,28.6,5
Kenya,2000,19.3,32.4,6.1
Kiribati,2020,40.6,53.9,27.3
Kiribati,2019,41.7,55.2,28.2
Kiribati,2018,41.7,56.2,29.1
Kiribati,2015,46.4,60.4,32.3
Kiribati,2010,52.7,66.9,38.4
Kiribati,2005,60.4,74.8,45.9
Kiribati,2000,68.5,83.1,53.9
Kuwait,2020,17.9,33.5,2.2
Kuwait,2019,17.9,33.5,2.3
Kuwait,2018,17.9,33.6,2.4
Kuwait,2015,18.3,33.9,2.6
Kuwait,2010,18.9,34.6,3.1
Kuwait,2005,19.5,35.4,3.6
Kuwait,2000,20,35.8,4.2
Kyrgyzstan,2020,25.4,48,2.8
Kyrgyzstan,2019,27.6,51.8,3.3
Kyrgyzstan,2018,27.6,52.6,3.4
Kyrgyzstan,2015,28.4,53.1,3.6
Kyrgyzstan,2010,29.4,54.8,4
Kyrgyzstan,2005,30.3,56.2,4.4
Kyrgyzstan,2000,31.4,57.8,5
Lao People's Democratic Republic,2020,31.8,53.3,10.3
Lao People's Democratic Republic,2019,32.5,54.1,10.9
Lao People's Democratic Republic,2018,32.5,55.1,11.5
Lao People's Democratic Republic,2015,35.8,58.2,13.3
Lao People's Democratic Republic,2010,40.5,63.6,17.3
Lao People's Democratic Republic,2005,46.2,70.1,22.3
Lao People's Democratic Republic,2000,52.5,76,28.9
Latvia,2020,37,50.3,23.7
Latvia,2019,37.2,50.6,23.8
Latvia,2018,37.2,51.1,23.8
Latvia,2015,38.5,52.5,24.4
Latvia,2010,40.1,55.1,25.1
Latvia,2005,41.9,58,25.7
Latvia,2000,43.8,61.3,26.3
Lebanon,2020,38.2,47.5,28.9
Lebanon,2019,38.4,47.6,29.2
Lebanon,2018,38.4,47.3,29.4
Lebanon,2015,38.7,47.1,30.2
Lebanon,2010,39.1,46.5,31.7
Lebanon,2005,39.7,46.2,33.1
Lebanon,2000,40.2,45.7,34.6
Lesotho,2020,24.3,43.1,5.4
Lesotho,2019,24.4,43.1,5.7
Lesotho,2018,24.4,43.6,6.1
Lesotho,2015,25.6,44.1,7
Lesotho,2010,27.2,45.2,9.1
Lesotho,2005,28.9,46,11.8
Lesotho,2000,31.1,47,15.2
Liberia,2020,8.2,14.3,2
Liberia,2019,8.4,14.7,2.1
Liberia,2018,8.4,15.1,2.2
Liberia,2015,9.6,16.6,2.6
Liberia,2010,11.5,19.5,3.5
Liberia,2005,13.6,22.6,4.6
Liberia,2000,16.3,26.4,6.2
Lithuania,2020,32,42.1,21.8
Lithuania,2019,32.3,42.8,21.8
Lithuania,2018,32.3,43.4,21.9
Lithuania,2015,34,45.5,22.4
Lithuania,2010,36.4,49.5,23.2
Lithuania,2005,38.9,53.6,24.1
Lithuania,2000,41.4,58,24.8
Luxembourg,2020,21.1,22.4,19.8
Luxembourg,2019,21.6,23,20.1
Luxembourg,2018,21.6,23.5,20.3
Luxembourg,2015,23.2,25.3,21.1
Luxembourg,2010,25.6,28.6,22.5
Luxembourg,2005,28.2,32.5,23.8
Luxembourg,2000,31,36.5,25.5
Madagascar,2020,27.8,42.7,12.8
Madagascar,2019,28.4,43.3,13.5
Madagascar,2018,28.4,43.9,14.2
Madagascar,2015,31.3,46,16.5
Madagascar,2010,35.4,49.5,21.3
Madagascar,2005,40.7,53.9,27.4
Madagascar,2000,46.7,58.2,35.2
Malawi,2020,10.8,17.5,4.1
Malawi,2019,11.3,18.2,4.3
Malawi,2018,11.3,18.9,4.6
Malawi,2015,13.1,20.8,5.4
Malawi,2010,16,24.7,7.2
Malawi,2005,19.5,29.5,9.5
Malawi,2000,24.1,35.3,12.8
Malaysia,2020,22.5,43.8,1.1
Malaysia,2019,22.8,44.3,1.2
Malaysia,2018,22.8,44.7,1.3
Malaysia,2015,23.9,46.1,1.6
Malaysia,2010,25.6,49,2.2
Malaysia,2005,27.5,51.9,3
Malaysia,2000,29.5,54.8,4.1
Maldives,2020,25.2,44.4,6
Maldives,2019,25.9,45.3,6.4
Maldives,2018,25.9,45.5,6.7
Maldives,2015,27.6,47.2,8
Maldives,2010,30.6,50.4,10.7
Maldives,2005,34.1,53.7,14.4
Maldives,2000,38.3,57.2,19.4
Mali,2020,8.3,15.6,1
Mali,2019,8.6,16.1,1.1
Mali,2018,8.6,16.6,1.2
Mali,2015,9.9,18.2,1.5
Mali,2010,11.6,21.1,2.1
Mali,2005,13.8,24.5,3
Mali,2000,16.3,28.4,4.2
Malta,2020,24,26.4,21.6
Malta,2019,24.5,27.1,21.8
Malta,2018,24.5,27.7,22.1
Malta,2015,26.3,29.8,22.8
Malta,2010,28.6,33.3,23.9
Malta,2005,31.4,37.5,25.3
Malta,2000,34.3,42.2,26.4
Marshall Islands,2020,28.5,48.7,8.3
Marshall Islands,2019,28.4,48.5,8.3
Marshall Islands,2018,28.4,48.3,8.4
Marshall Islands,2015,28.4,48.2,8.6
Marshall Islands,2010,28.4,47.7,9
Marshall Islands,2005,28.4,47.3,9.4
Marshall Islands,2000,28.5,47.1,9.8
Mauritania,2020,10.7,19.3,2.1
Mauritania,2019,11.1,19.9,2.2
Mauritania,2018,11.1,20.6,2.4
Mauritania,2015,12.6,22.4,2.8
Mauritania,2010,15.1,26.3,3.8
Mauritania,2005,17.9,30.7,5.1
Mauritania,2000,21.3,35.6,6.9
Mauritius,2020,20.2,37.3,3
Mauritius,2019,20.5,37.9,3.1
Mauritius,2018,20.5,38.3,3.1
Mauritius,2015,21.4,39.4,3.4
Mauritius,2010,22.7,41.5,3.8
Mauritius,2005,24.1,43.9,4.2
Mauritius,2000,25.5,46.1,4.8
Mexico,2020,13.1,19.9,6.2
Mexico,2019,13.4,20.4,6.4
Mexico,2018,13.4,21.1,6.6
Mexico,2015,15.2,22.9,7.4
Mexico,2010,17.7,26.4,8.9
Mexico,2005,20.6,30.5,10.6
Mexico,2000,24,35.2,12.8
Mongolia,2020,29.4,51.7,7.1
Mongolia,2019,29.6,52,7.2
Mongolia,2018,29.6,52.3,7.3
Mongolia,2015,30.6,53.6,7.5
Mongolia,2010,31.6,55.2,7.9
Mongolia,2005,32.9,57.3,8.4
Mongolia,2000,34.1,59.2,8.9
Montenegro,2020,31.4,31.6,31.1
Montenegro,2019,31.8,32.3,31.3
Montenegro,2018,31.8,32.8,31.4
Montenegro,2015,33.1,34.3,31.9
Montenegro,2010,34.9,37.1,32.6
Montenegro,2005,36.7,40,33.3
Montenegro,2000,38.7,43.4,33.9
Morocco,2020,14.5,28.2,0.8
Morocco,2019,14.9,28.8,0.9
Morocco,2018,14.9,29.4,0.9
Morocco,2015,16.2,31.3,1
Morocco,2010,18.1,34.8,1.3
Morocco,2005,20.1,38.5,1.7
Morocco,2000,22.5,42.8,2.1
Mozambique,2020,14.3,23,5.6
Mozambique,2019,14.8,23.7,5.9
Mozambique,2018,14.8,24.3,6.2
Mozambique,2015,17,26.7,7.2
Mozambique,2010,20.5,31.7,9.2
Mozambique,2005,24.5,37.1,11.8
Mozambique,2000,29.4,43.8,15
Myanmar,2020,44.1,68.5,19.7
Myanmar,2019,45.1,69.4,20.8
Myanmar,2018,45.1,70.2,22
Myanmar,2015,48.8,72,25.6
Myanmar,2010,54.6,76,33.1
Myanmar,2005,60.6,79.4,41.8
Myanmar,2000,66.9,83.8,50
Namibia,2020,15.1,24.2,6
Namibia,2019,15.5,24.6,6.3
Namibia,2018,15.5,25,6.7
Namibia,2015,17.1,26.2,7.9
Namibia,2010,19.5,28.5,10.4
Namibia,2005,22.3,30.8,13.7
Namibia,2000,25.6,33.1,18
Nauru,2020,48.5,47.8,49.1
Nauru,2019,49.2,48.4,49.9
Nauru,2018,49.2,48.8,50.7
Nauru,2015,51.8,49.9,53.6
Nauru,2010,55.5,52.6,58.3
Nauru,2005,59.2,54.8,63.6
Nauru,2000,63.4,57.3,69.4
Nepal,2020,30.4,47.9,12.8
Nepal,2019,31.5,49.1,13.8
Nepal,2018,31.5,50,14.8
Nepal,2015,36,53.2,18.7
Nepal,2010,43.6,59.5,27.7
Nepal,2005,53.5,66.2,40.8
Nepal,2000,64.5,74.1,54.9
Netherlands,2020,22.2,24.4,19.9
Netherlands,2019,22.6,24.8,20.3
Netherlands,2018,22.6,25.5,20.8
Netherlands,2015,24.6,26.9,22.2
Netherlands,2010,27.5,30,25
Netherlands,2005,30.6,33,28.2
Netherlands,2000,34.3,36.8,31.7
New Zealand,2020,13.7,15,12.3
New Zealand,2019,14.2,15.5,12.8
New Zealand,2018,14.2,16.1,13.4
New Zealand,2015,16.5,17.8,15.2
New Zealand,2010,20.1,21.3,18.9
New Zealand,2005,24.3,25.1,23.5
New Zealand,2000,29.6,30,29.1
Niger,2020,7.4,13.7,1.1
Niger,2019,7.6,13.9,1.2
Niger,2018,7.6,14,1.2
Niger,2015,7.9,14.4,1.4
Niger,2010,8.4,14.9,1.8
Niger,2005,9,15.6,2.3
Niger,2000,9.7,16.4,2.9
Nigeria,2020,3.7,6.9,0.5
Nigeria,2019,3.9,7.2,0.5
Nigeria,2018,3.9,7.5,0.6
Nigeria,2015,4.7,8.6,0.7
Nigeria,2010,5.9,10.7,1
Nigeria,2005,7.4,13.4,1.4
Nigeria,2000,9.3,16.7,1.9
Norway,2020,16.2,17,15.4
Norway,2019,17.1,17.9,16.2
Norway,2018,17.1,18.8,17
Norway,2015,20.7,21.6,19.7
Norway,2010,26.7,27.6,25.8
Norway,2005,34.3,35.1,33.5
Norway,2000,44,44.7,43.3
Oman,2020,8,15.5,0.4
Oman,2019,7.9,15.4,0.4
Oman,2018,7.9,15.4,0.4
Oman,2015,7.8,15.2,0.4
Oman,2010,7.7,14.9,0.5
Oman,2005,7.7,14.7,0.6
Oman,2000,7.6,14.5,0.7
Pakistan,2020,20.2,33,7.3
Pakistan,2019,20.8,33.9,7.7
Pakistan,2018,20.8,34.8,8.1
Pakistan,2015,23.6,37.7,9.5
Pakistan,2010,27.4,42.4,12.4
Pakistan,2005,31.9,47.7,16.1
Pakistan,2000,37.5,54.1,20.9
Palau,2020,17.6,27.3,7.9
Palau,2019,17.9,27.6,8.1
Palau,2018,17.9,28.3,8.4
Palau,2015,19.4,29.6,9.1
Palau,2010,21.4,32.2,10.5
Palau,2005,23.7,35.3,12
Palau,2000,26.1,38.5,13.7
Panama,2020,5,7.7,2.2
Panama,2019,5.3,8.2,2.3
Panama,2018,5.3,8.6,2.4
Panama,2015,6.4,10.1,2.7
Panama,2010,8.2,13,3.3
Panama,2005,10.5,17,4
Panama,2000,13.4,21.9,4.9
Papua New Guinea,2020,39.3,53.5,25.1
Papua New Guinea,2019,39.9,54.2,25.6
Papua New Guinea,2018,39.9,55,26.1
Papua New Guinea,2015,42.5,57.4,27.5
Papua New Guinea,2010,45.9,61.5,30.2
Papua New Guinea,2005,49.7,66.2,33.2
Papua New Guinea,2000,54.1,71.5,36.7
Paraguay,2020,11.5,18.6,4.4
Paraguay,2019,12.1,19.5,4.7
Paraguay,2018,12.1,20.4,5
Paraguay,2015,14.5,23.1,5.9
Paraguay,2010,18.2,28.4,7.9
Paraguay,2005,23,35.4,10.6
Paraguay,2000,29.1,44,14.2
Peru,2020,8.1,13.2,3
Peru,2019,8.7,14.1,3.2
Peru,2018,8.7,15.1,3.4
Peru,2015,11.5,18.6,4.3
Peru,2010,16.3,26.4,6.2
Peru,2005,23.1,37.2,8.9
Peru,2000,32.9,52.8,13
Philippines,2020,22.9,39.3,6.5
Philippines,2019,23.4,40,6.7
Philippines,2018,23.4,40.9,6.9
Philippines,2015,25.4,43.1,7.7
Philippines,2010,28.3,47.4,9.2
Philippines,2005,31.6,52.2,11
Philippines,2000,34.9,56.8,13
Poland,2020,24,27.9,20.1
Poland,2019,24.7,28.6,20.7
Poland,2018,24.7,29.4,21.2
Poland,2015,27.2,31.6,22.8
Poland,2010,30.8,35.7,25.9
Poland,2005,35,40.4,29.6
Poland,2000,39.6,45.6,33.6
Portugal,2020,25.4,30.5,20.2
Portugal,2019,25.3,30.6,20
Portugal,2018,25.3,30.9,19.7
Portugal,2015,25.2,31.7,18.7
Portugal,2010,25.3,33.1,17.4
Portugal,2005,25.3,34.5,16.1
Portugal,2000,25.7,36.4,14.9
Qatar,2020,11.8,21.7,1.9
Qatar,2019,12,21.9,2
Qatar,2018,12,22,2
Qatar,2015,12.2,22.2,2.2
Qatar,2010,12.6,22.6,2.5
Qatar,2005,13,23.1,2.9
Qatar,2000,13.5,23.5,3.4
Republic of Korea,2020,20.8,35.7,5.9
Republic of Korea,2019,21.4,36.8,6
Republic of Korea,2018,21.4,37.9,6
Republic of Korea,2015,23.8,41.3,6.2
Republic of Korea,2010,27,47.6,6.4
Republic of Korea,2005,30.7,54.6,6.7
Republic of Korea,2000,35,62.8,7.1
Republic of Moldova,2020,29,51.7,6.2
Republic of Moldova,2019,28.7,51.2,6.2
Republic of Moldova,2018,28.7,50.7,6.1
Republic of Moldova,2015,27.9,49.8,6
Republic of Moldova,2010,26.9,48,5.8
Republic of Moldova,2005,26,46.5,5.5
Republic of Moldova,2000,25.3,45.2,5.3
Romania,2020,28,35.9,20
Romania,2019,28.4,36.5,20.2
Romania,2018,28.4,36.9,20.4
Romania,2015,29.7,38.5,20.8
Romania,2010,31.4,41.2,21.6
Romania,2005,33.2,43.9,22.5
Romania,2000,35,46.7,23.3
Russian Federation,2020,26.8,40.8,12.8
Russian Federation,2019,27.1,41.5,12.7
Russian Federation,2018,27.1,42.1,12.7
Russian Federation,2015,28.3,43.9,12.7
Russian Federation,2010,29.8,46.9,12.6
Russian Federation,2005,31.3,50.1,12.5
Russian Federation,2000,33.3,54.1,12.5
Rwanda,2020,13.7,20.1,7.2
Rwanda,2019,14.1,20.8,7.4
Rwanda,2018,14.1,21.3,7.7
Rwanda,2015,15.9,23.2,8.6
Rwanda,2010,18.5,26.6,10.3
Rwanda,2005,21.3,30.2,12.4
Rwanda,2000,24.8,34.6,14.9
Samoa,2020,25.3,36.1,14.5
Samoa,2019,25.9,36.8,14.9
Samoa,2018,25.9,37.6,15.2
Samoa,2015,28.1,39.9,16.2
Samoa,2010,31.4,44.5,18.3
Samoa,2005,35,49.5,20.5
Samoa,2000,39,54.9,23.1
Sao Tome and Principe,2020,5.7,10.1,1.3
Sao Tome and Principe,2019,5.8,10.1,1.4
Sao Tome and Principe,2018,5.8,10.2,1.5
Sao Tome and Principe,2015,6.2,10.5,1.8
Sao Tome and Principe,2010,6.6,10.8,2.3
Sao Tome and Principe,2005,7.2,11.3,3
Sao Tome and Principe,2000,7.8,11.7,3.9
Saudi Arabia,2020,14.3,26.5,2
Saudi Arabia,2019,14.2,26.3,2.1
Saudi Arabia,2018,14.2,26.3,2.1
Saudi Arabia,2015,14.2,26.1,2.3
Saudi Arabia,2010,14.2,25.6,2.7
Saudi Arabia,2005,14.2,25.3,3
Saudi Arabia,2000,14.2,24.9,3.5
Senegal,2020,6.9,13.1,0.7
Senegal,2019,7.1,13.5,0.7
Senegal,2018,7.1,14,0.7
Senegal,2015,8.3,15.6,0.9
Senegal,2010,9.9,18.7,1.1
Senegal,2005,11.9,22.4,1.4
Senegal,2000,14.3,26.8,1.8
Serbia,2020,39.8,40.5,39.1
Serbia,2019,40.1,41.1,39
Serbia,2018,40.1,41.4,39
Serbia,2015,40.9,42.7,39.1
Serbia,2010,42.3,45.4,39.1
Serbia,2005,43.7,48,39.3
Serbia,2000,45.1,51,39.1
Seychelles,2020,20.2,34,6.4
Seychelles,2019,20.6,34.6,6.6
Seychelles,2018,20.6,34.6,6.9
Seychelles,2015,22.1,36.3,7.8
Seychelles,2010,24,38.4,9.5
Seychelles,2005,26.2,40.7,11.6
Seychelles,2000,28.7,43.2,14.2
Sierra Leone,2020,13.5,20.5,6.4
Sierra Leone,2019,14.3,21.7,6.8
Sierra Leone,2018,14.3,22.9,7.3
Sierra Leone,2015,18.1,27.3,8.8
Sierra Leone,2010,24.3,36.3,12.2
Sierra Leone,2005,32.6,48.4,16.7
Sierra Leone,2000,43.7,64.4,23
Singapore,2020,16.5,28,5
Singapore,2019,16.6,28.1,5
Singapore,2018,16.6,27.9,5.1
Singapore,2015,16.5,27.8,5.2
Singapore,2010,16.5,27.5,5.4
Singapore,2005,16.5,27.3,5.6
Singapore,2000,16.4,27,5.8
Slovakia,2020,31.5,37.4,25.6
Slovakia,2019,31.5,37.6,25.4
Slovakia,2018,31.5,38,25.1
Slovakia,2015,31.5,38.6,24.3
Slovakia,2010,31.6,40.3,22.9
Slovakia,2005,31.7,41.6,21.8
Slovakia,2000,32,43.2,20.7
Slovenia,2020,22,24.4,19.6
Slovenia,2019,22.3,24.7,19.8
Slovenia,2018,22.3,24.7,20
Slovenia,2015,22.7,25,20.4
Slovenia,2010,23.5,25.7,21.3
Slovenia,2005,24.2,26.2,22.1
Slovenia,2000,25.1,27,23.1
Solomon Islands,2020,36.5,53.8,19.2
Solomon Islands,2019,36.8,53.9,19.6
Solomon Islands,2018,36.8,54.1,19.9
Solomon Islands,2015,37.9,54.9,20.9
Solomon Islands,2010,39.6,56.6,22.6
Solomon Islands,2005,41.3,58,24.5
Solomon Islands,2000,43.5,60.3,26.7
South Africa,2020,20.3,34,6.5
South Africa,2019,20.4,34,6.7
South Africa,2018,20.4,33.9,7
South Africa,2015,21,34.4,7.5
South Africa,2010,21.6,34.4,8.7
South Africa,2005,22.5,34.9,10.1
South Africa,2000,23.5,35.2,11.8
Spain,2020,27.7,28.6,26.7
Spain,2019,28.1,29.3,26.9
Spain,2018,28.1,30,27
Spain,2015,29.7,32,27.3
Spain,2010,31.9,35.8,27.9
Spain,2005,34.3,40.1,28.5
Spain,2000,36.8,44.5,29
Sri Lanka,2020,22,41.4,2.6
Sri Lanka,2019,22.3,41.9,2.7
Sri Lanka,2018,22.3,42.2,2.9
Sri Lanka,2015,23.3,43,3.5
Sri Lanka,2010,24.8,44.8,4.7
Sri Lanka,2005,26.5,46.6,6.4
Sri Lanka,2000,28.5,48.3,8.6
Sweden,2020,24,29.8,18.2
Sweden,2019,24.8,30.5,19
Sweden,2018,24.8,31.3,19.6
Sweden,2015,27.9,33.7,22.1
Sweden,2010,32.3,37.9,26.7
Sweden,2005,37.6,42.9,32.3
Sweden,2000,43.8,48.6,38.9
Switzerland,2020,25.5,28.1,22.9
Switzerland,2019,25.7,28.3,23
Switzerland,2018,25.7,28.4,23
Switzerland,2015,26.2,29.3,23.1
Switzerland,2010,26.9,30.5,23.3
Switzerland,2005,27.7,31.8,23.5
Switzerland,2000,28.3,32.9,23.7
Thailand,2020,22.1,41.3,2.9
Thailand,2019,22.5,41.9,3
Thailand,2018,22.5,42.9,3.1
Thailand,2015,24.1,44.7,3.5
Thailand,2010,26.3,48.3,4.2
Thailand,2005,28.8,52.5,5
Thailand,2000,31.7,57.3,6
Timor-Leste,2020,39.2,67.6,10.8
Timor-Leste,2019,39.8,68.4,11.2
Timor-Leste,2018,39.8,69.1,11.5
Timor-Leste,2015,42.5,72.3,12.7
Timor-Leste,2010,46,77.1,14.8
Timor-Leste,2005,49.5,81.6,17.3
Timor-Leste,2000,53.5,86.7,20.3
Togo,2020,6.8,12.3,1.2
Togo,2019,7.1,12.8,1.3
Togo,2018,7.1,13.2,1.4
Togo,2015,8.2,14.6,1.7
Togo,2010,9.8,17.2,2.4
Togo,2005,11.9,20.3,3.4
Togo,2000,14.4,23.9,4.8
Tonga,2020,31,46.7,15.3
Tonga,2019,31.1,47,15.2
Tonga,2018,31.1,47.3,15.2
Tonga,2015,31.6,48.2,15
Tonga,2010,32.1,49.6,14.6
Tonga,2005,32.8,51.1,14.4
Tonga,2000,33.5,53,14
Tunisia,2020,24.6,47.2,2
Tunisia,2019,25,47.8,2.1
Tunisia,2018,25,48.7,2.2
Tunisia,2015,26.6,50.6,2.5
Tunisia,2010,29,54.7,3.2
Tunisia,2005,31.6,59.2,4
Tunisia,2000,34.3,63.4,5.1
Türkiye,2020,30.7,42.1,19.2
Türkiye,2019,30.9,42.9,18.9
Türkiye,2018,30.9,43,18.6
Türkiye,2015,31.1,44.3,17.9
Türkiye,2010,31.7,46.6,16.7
Türkiye,2005,32.2,48.7,15.6
Türkiye,2000,32.9,51.2,14.5
Turkmenistan,2020,5.5,10.6,0.4
Turkmenistan,2019,5.8,11.1,0.5
Turkmenistan,2018,5.8,11.5,0.5
Turkmenistan,2015,6.7,12.9,0.5
Turkmenistan,2010,8.2,15.8,0.6
Turkmenistan,2005,9.9,19.1,0.6
Turkmenistan,2000,12,23.3,0.7
Tuvalu,2020,35.6,49.8,21.3
Tuvalu,2019,36,50.3,21.7
Tuvalu,2018,36,51.2,22
Tuvalu,2015,38.4,53.7,23.1
Tuvalu,2010,41.8,58.5,25
Tuvalu,2005,45.3,63.3,27.3
Tuvalu,2000,48.8,68.2,29.3
Uganda,2020,8.4,13,3.7
Uganda,2019,8.9,13.7,4
Uganda,2018,8.9,14.3,4.3
Uganda,2015,10.9,16.7,5.1
Uganda,2010,14.3,21.5,7.1
Uganda,2005,18.8,27.8,9.8
Uganda,2000,24.7,35.7,13.6
Ukraine,2020,25.8,40,11.5
Ukraine,2019,26.2,40.7,11.6
Ukraine,2018,26.2,41.7,11.7
Ukraine,2015,28.4,44.6,12.1
Ukraine,2010,31.1,49.4,12.7
Ukraine,2005,34.3,55.2,13.4
Ukraine,2000,37.7,61.3,14.1
United Arab Emirates,2020,,,
United Kingdom of Great Britain and Northern Ireland,2020,15.4,17.3,13.5
United Kingdom of Great Britain and Northern Ireland,2019,16.1,17.9,14.2
United Kingdom of Great Britain and Northern Ireland,2018,16.1,18.7,15
United Kingdom of Great Britain and Northern Ireland,2015,19.3,21.2,17.4
United Kingdom of Great Britain and Northern Ireland,2010,24.1,25.9,22.2
United Kingdom of Great Britain and Northern Ireland,2005,30.1,31.9,28.3
United Kingdom of Great Britain and Northern Ireland,2000,37.9,39.2,36.5
United Republic of Tanzania,2020,8.7,14,3.4
United Republic of Tanzania,2019,9.2,14.9,3.5
United Republic of Tanzania,2018,9.2,15.9,3.6
United Republic of Tanzania,2015,11.6,19,4.1
United Republic of Tanzania,2010,15.5,26,5
United Republic of Tanzania,2005,20.7,35.3,6.1
United Republic of Tanzania,2000,27.8,48.1,7.4
United States of America,2020,23,28.4,17.5
United States of America,2019,23.4,28.9,17.8
United States of America,2018,23.4,29.5,18.3
United States of America,2015,25.3,31,19.6
United States of America,2010,28,34.1,21.8
United States of America,2005,30.6,37,24.2
United States of America,2000,33.8,40.6,27
Uruguay,2020,21.5,24.4,18.5
Uruguay,2019,22,25.1,18.8
Uruguay,2018,22,25.7,19.3
Uruguay,2015,24.3,27.9,20.7
Uruguay,2010,27.5,31.7,23.3
Uruguay,2005,31.2,36.3,26
Uruguay,2000,35.3,41.2,29.3
Uzbekistan,2020,17.6,34,1.1
Uzbekistan,2019,17.8,34.5,1.1
Uzbekistan,2018,17.8,35.3,1.1
Uzbekistan,2015,19.1,37,1.2
Uzbekistan,2010,20.9,40.5,1.3
Uzbekistan,2005,22.7,44.1,1.3
Uzbekistan,2000,24.9,48.4,1.4
Vanuatu,2020,17.8,33,2.6
Vanuatu,2019,18.2,33.7,2.7
Vanuatu,2018,18.2,34.2,2.7
Vanuatu,2015,19.4,35.9,2.9
Vanuatu,2010,21.3,39.3,3.3
Vanuatu,2005,23.3,42.9,3.7
Vanuatu,2000,25.6,47.1,4.1
Viet Nam,2020,24.8,47.4,2.2
Viet Nam,2019,25,47.8,2.2
Viet Nam,2018,25,48.3,2.3
Viet Nam,2015,26,49.4,2.6
Viet Nam,2010,27,50.8,3.2
Viet Nam,2005,28.3,52.7,3.9
Viet Nam,2000,29.8,54.8,4.8
Yemen,2020,20.3,32.5,8.1
Yemen,2019,20.5,32.6,8.3
Yemen,2018,20.5,33,8.6
Yemen,2015,21.8,34.1,9.5
Yemen,2010,23.4,35.7,11.1
Yemen,2005,25.3,37.4,13.1
Yemen,2000,27.3,39,15.5
Zambia,2020,14.4,25.1,3.7
Zambia,2019,14.6,25.3,3.9
Zambia,2018,14.6,25.5,4
Zambia,2015,15.5,26.4,4.6
Zambia,2010,16.7,27.8,5.6
Zambia,2005,18.1,29.3,6.9
Zambia,2000,19.9,31.3,8.5
Zimbabwe,2020,11.7,21.8,1.5
Zimbabwe,2019,12.1,22.5,1.6
Zimbabwe,2018,12.1,23,1.7
Zimbabwe,2015,13.6,25.1,2
Zimbabwe,2010,15.6,28.6,2.6
Zimbabwe,2005,18.1,32.7,3.5
Zimbabwe,2000,21,37.3,4.6
